,key,song_id,name
0,0,2tPy8C6z3eUWGC1iQr4ysZ,Adhd
0,1,7LpIouxOxJzia26GZvmgkC,Astara
0,2,18czZN7uruOjftj71Kt8oj,PAID MY DUES
0,3,22AJMMJMaQ3qtTwlegrKcm,Six Feet Apart
0,4,1XT95SWe6U0nZmchAfZh2T,Pay No Mind (feat. Passion Pit)
0,5,0fIWsHOXrKipJKNFfefn19,Nobody Told Me
0,6,18unwp2OCuZ65sKWd73PDy,Man on the Moon
0,7,4Dhvd4V7PBQYBrIeUuSZQK,Broken Eyes
0,8,4poqovyJtmlKMDnSz6QwsE,The Kid I Used to Know
0,9,3760Ge809Qt37dtRMHsG1f,Expectations
0,10,6lvaLDCPjbxhC8EmNVHfIO,Dig
0,11,4AtMk3bpZNUtipRNy50MBO,Brightside
0,12,7Ee4NvfKVO1nol38l1lLBm,Killing Giants
0,13,780G2Qb1CEMtFR605KU6Gh,Framtiden är vår (feat. NORSJÖ)
0,14,7uNu0IWPFHHmi8KI3akdEg,Departure
0,15,0gyAtsUMGDlf4FGKLSXnCW,Find My Own Way
0,16,6nnacTL5on2aVsRhVDNUSo,Through the Fire and Flames
0,17,6TfBA04WJ3X1d1wXhaCFVT,"You're Gonna Go Far, Kid"
0,18,06Zz2l7cVTCTgCNDe1bnEF,Have A Nice Day
0,19,1uPqnaQ4r1Fwe4KijfYGKD,It's My Life - Old Classic Version
0,20,6TGapnqEUkkSBanKyn5qYy,OutRight
0,21,5Y1JDF28qQDml25pVadnzb,Frame of Mind
0,22,3WjsaQylfVq87F6hLfayiQ,Let You Down
0,23,41Zl6ylPqRfIMTrvPAMa76,LSD
0,24,1VYHeY9ulPnsMHKvXPyG5H,Sweet Mistake
0,25,5jyrvaNgMdejnBjrXiWo35,Welcome To YouTube
0,26,5qVNshoO7VpXkMsw2hgZvU,Bo Fo Sho (live)
0,27,62KNuENCGEhgf520I0Tjl6,Bonus Track
0,28,0bkOJcmZ3dO4gDJ5D8cwvv,My Whole Family... (live)
0,29,54zS39oDi8p9adV0gyIzdD,OH BO (studio)
0,30,4sG3QE7shDNk1DKJwEAiz5,I'm Bo Yo
0,0,2tPy8C6z3eUWGC1iQr4ysZ,Adhd
0,1,2tPy8C6z3eUWGC1iQr4ysZ,Adhd
0,2,7LpIouxOxJzia26GZvmgkC,Astara
0,3,7LpIouxOxJzia26GZvmgkC,Astara
0,4,18czZN7uruOjftj71Kt8oj,PAID MY DUES
0,5,18czZN7uruOjftj71Kt8oj,PAID MY DUES
0,6,22AJMMJMaQ3qtTwlegrKcm,Six Feet Apart
0,7,22AJMMJMaQ3qtTwlegrKcm,Six Feet Apart
0,8,1XT95SWe6U0nZmchAfZh2T,Pay No Mind (feat. Passion Pit)
0,9,1XT95SWe6U0nZmchAfZh2T,Pay No Mind (feat. Passion Pit)
0,10,0fIWsHOXrKipJKNFfefn19,Nobody Told Me
0,11,0fIWsHOXrKipJKNFfefn19,Nobody Told Me
0,12,18unwp2OCuZ65sKWd73PDy,Man on the Moon
0,13,18unwp2OCuZ65sKWd73PDy,Man on the Moon
0,14,4Dhvd4V7PBQYBrIeUuSZQK,Broken Eyes
0,15,4Dhvd4V7PBQYBrIeUuSZQK,Broken Eyes
0,16,4poqovyJtmlKMDnSz6QwsE,The Kid I Used to Know
0,17,4poqovyJtmlKMDnSz6QwsE,The Kid I Used to Know
0,18,3760Ge809Qt37dtRMHsG1f,Expectations
0,19,3760Ge809Qt37dtRMHsG1f,Expectations
0,20,6lvaLDCPjbxhC8EmNVHfIO,Dig
0,21,6lvaLDCPjbxhC8EmNVHfIO,Dig
0,22,4AtMk3bpZNUtipRNy50MBO,Brightside
0,23,4AtMk3bpZNUtipRNy50MBO,Brightside
0,24,7Ee4NvfKVO1nol38l1lLBm,Killing Giants
0,25,7Ee4NvfKVO1nol38l1lLBm,Killing Giants
0,26,780G2Qb1CEMtFR605KU6Gh,Framtiden är vår (feat. NORSJÖ)
0,27,780G2Qb1CEMtFR605KU6Gh,Framtiden är vår (feat. NORSJÖ)
0,28,7uNu0IWPFHHmi8KI3akdEg,Departure
0,29,7uNu0IWPFHHmi8KI3akdEg,Departure
0,30,0gyAtsUMGDlf4FGKLSXnCW,Find My Own Way
0,31,0gyAtsUMGDlf4FGKLSXnCW,Find My Own Way
0,32,6nnacTL5on2aVsRhVDNUSo,Through the Fire and Flames
0,33,6nnacTL5on2aVsRhVDNUSo,Through the Fire and Flames
0,34,6TfBA04WJ3X1d1wXhaCFVT,"You're Gonna Go Far, Kid"
0,35,6TfBA04WJ3X1d1wXhaCFVT,"You're Gonna Go Far, Kid"
0,36,06Zz2l7cVTCTgCNDe1bnEF,Have A Nice Day
0,37,06Zz2l7cVTCTgCNDe1bnEF,Have A Nice Day
0,38,1uPqnaQ4r1Fwe4KijfYGKD,It's My Life - Old Classic Version
0,39,1uPqnaQ4r1Fwe4KijfYGKD,It's My Life - Old Classic Version
0,40,6TGapnqEUkkSBanKyn5qYy,OutRight
0,41,6TGapnqEUkkSBanKyn5qYy,OutRight
0,42,5Y1JDF28qQDml25pVadnzb,Frame of Mind
0,43,5Y1JDF28qQDml25pVadnzb,Frame of Mind
0,44,3WjsaQylfVq87F6hLfayiQ,Let You Down
0,45,3WjsaQylfVq87F6hLfayiQ,Let You Down
0,46,41Zl6ylPqRfIMTrvPAMa76,LSD
0,47,41Zl6ylPqRfIMTrvPAMa76,LSD
0,48,1VYHeY9ulPnsMHKvXPyG5H,Sweet Mistake
0,49,1VYHeY9ulPnsMHKvXPyG5H,Sweet Mistake
0,50,5jyrvaNgMdejnBjrXiWo35,Welcome To YouTube
0,51,5jyrvaNgMdejnBjrXiWo35,Welcome To YouTube
0,52,5qVNshoO7VpXkMsw2hgZvU,Bo Fo Sho (live)
0,53,5qVNshoO7VpXkMsw2hgZvU,Bo Fo Sho (live)
0,54,62KNuENCGEhgf520I0Tjl6,Bonus Track
0,55,62KNuENCGEhgf520I0Tjl6,Bonus Track
0,56,0bkOJcmZ3dO4gDJ5D8cwvv,My Whole Family... (live)
0,57,0bkOJcmZ3dO4gDJ5D8cwvv,My Whole Family... (live)
0,58,54zS39oDi8p9adV0gyIzdD,OH BO (studio)
0,59,54zS39oDi8p9adV0gyIzdD,OH BO (studio)
0,60,4sG3QE7shDNk1DKJwEAiz5,I'm Bo Yo
0,61,4sG3QE7shDNk1DKJwEAiz5,I'm Bo Yo
0,62,0QMiI7yf8rHfwdfvJIgvrE,Nerds - Studio
0,0,2tPy8C6z3eUWGC1iQr4ysZ,Adhd
0,1,7LpIouxOxJzia26GZvmgkC,Astara
0,2,18czZN7uruOjftj71Kt8oj,PAID MY DUES
0,3,22AJMMJMaQ3qtTwlegrKcm,Six Feet Apart
0,4,1XT95SWe6U0nZmchAfZh2T,Pay No Mind (feat. Passion Pit)
0,5,0fIWsHOXrKipJKNFfefn19,Nobody Told Me
0,6,18unwp2OCuZ65sKWd73PDy,Man on the Moon
0,7,4Dhvd4V7PBQYBrIeUuSZQK,Broken Eyes
0,8,4poqovyJtmlKMDnSz6QwsE,The Kid I Used to Know
0,9,3760Ge809Qt37dtRMHsG1f,Expectations
0,10,6lvaLDCPjbxhC8EmNVHfIO,Dig
0,11,4AtMk3bpZNUtipRNy50MBO,Brightside
0,12,7Ee4NvfKVO1nol38l1lLBm,Killing Giants
0,13,780G2Qb1CEMtFR605KU6Gh,Framtiden är vår (feat. NORSJÖ)
0,14,7uNu0IWPFHHmi8KI3akdEg,Departure
0,15,0gyAtsUMGDlf4FGKLSXnCW,Find My Own Way
0,16,6nnacTL5on2aVsRhVDNUSo,Through the Fire and Flames
0,17,6TfBA04WJ3X1d1wXhaCFVT,"You're Gonna Go Far, Kid"
0,18,06Zz2l7cVTCTgCNDe1bnEF,Have A Nice Day
0,19,1uPqnaQ4r1Fwe4KijfYGKD,It's My Life - Old Classic Version
0,20,6TGapnqEUkkSBanKyn5qYy,OutRight
0,21,5Y1JDF28qQDml25pVadnzb,Frame of Mind
0,22,3WjsaQylfVq87F6hLfayiQ,Let You Down
0,23,41Zl6ylPqRfIMTrvPAMa76,LSD
0,24,1VYHeY9ulPnsMHKvXPyG5H,Sweet Mistake
0,25,5jyrvaNgMdejnBjrXiWo35,Welcome To YouTube
0,26,5qVNshoO7VpXkMsw2hgZvU,Bo Fo Sho (live)
0,27,62KNuENCGEhgf520I0Tjl6,Bonus Track
0,28,0bkOJcmZ3dO4gDJ5D8cwvv,My Whole Family... (live)
0,29,54zS39oDi8p9adV0gyIzdD,OH BO (studio)
0,30,4sG3QE7shDNk1DKJwEAiz5,I'm Bo Yo
0,31,0QMiI7yf8rHfwdfvJIgvrE,Nerds - Studio
0,0,2tPy8C6z3eUWGC1iQr4ysZ,Adhd
0,1,2tPy8C6z3eUWGC1iQr4ysZ,Adhd
0,2,2tPy8C6z3eUWGC1iQr4ysZ,Adhd
0,3,2tPy8C6z3eUWGC1iQr4ysZ,Adhd
0,4,7LpIouxOxJzia26GZvmgkC,Astara
0,5,7LpIouxOxJzia26GZvmgkC,Astara
0,6,7LpIouxOxJzia26GZvmgkC,Astara
0,7,7LpIouxOxJzia26GZvmgkC,Astara
0,8,18czZN7uruOjftj71Kt8oj,PAID MY DUES
0,9,18czZN7uruOjftj71Kt8oj,PAID MY DUES
0,10,18czZN7uruOjftj71Kt8oj,PAID MY DUES
0,11,18czZN7uruOjftj71Kt8oj,PAID MY DUES
0,12,22AJMMJMaQ3qtTwlegrKcm,Six Feet Apart
0,13,22AJMMJMaQ3qtTwlegrKcm,Six Feet Apart
0,14,22AJMMJMaQ3qtTwlegrKcm,Six Feet Apart
0,15,22AJMMJMaQ3qtTwlegrKcm,Six Feet Apart
0,16,1XT95SWe6U0nZmchAfZh2T,Pay No Mind (feat. Passion Pit)
0,17,1XT95SWe6U0nZmchAfZh2T,Pay No Mind (feat. Passion Pit)
0,18,1XT95SWe6U0nZmchAfZh2T,Pay No Mind (feat. Passion Pit)
0,19,1XT95SWe6U0nZmchAfZh2T,Pay No Mind (feat. Passion Pit)
0,20,0fIWsHOXrKipJKNFfefn19,Nobody Told Me
0,21,0fIWsHOXrKipJKNFfefn19,Nobody Told Me
0,22,0fIWsHOXrKipJKNFfefn19,Nobody Told Me
0,23,0fIWsHOXrKipJKNFfefn19,Nobody Told Me
0,24,18unwp2OCuZ65sKWd73PDy,Man on the Moon
0,25,18unwp2OCuZ65sKWd73PDy,Man on the Moon
0,26,18unwp2OCuZ65sKWd73PDy,Man on the Moon
0,27,18unwp2OCuZ65sKWd73PDy,Man on the Moon
0,28,4Dhvd4V7PBQYBrIeUuSZQK,Broken Eyes
0,29,4Dhvd4V7PBQYBrIeUuSZQK,Broken Eyes
0,30,4Dhvd4V7PBQYBrIeUuSZQK,Broken Eyes
0,31,4Dhvd4V7PBQYBrIeUuSZQK,Broken Eyes
0,32,4poqovyJtmlKMDnSz6QwsE,The Kid I Used to Know
0,33,4poqovyJtmlKMDnSz6QwsE,The Kid I Used to Know
0,34,4poqovyJtmlKMDnSz6QwsE,The Kid I Used to Know
0,35,4poqovyJtmlKMDnSz6QwsE,The Kid I Used to Know
0,36,3760Ge809Qt37dtRMHsG1f,Expectations
0,37,3760Ge809Qt37dtRMHsG1f,Expectations
0,38,3760Ge809Qt37dtRMHsG1f,Expectations
0,39,3760Ge809Qt37dtRMHsG1f,Expectations
0,40,6lvaLDCPjbxhC8EmNVHfIO,Dig
0,41,6lvaLDCPjbxhC8EmNVHfIO,Dig
0,42,6lvaLDCPjbxhC8EmNVHfIO,Dig
0,43,6lvaLDCPjbxhC8EmNVHfIO,Dig
0,44,4AtMk3bpZNUtipRNy50MBO,Brightside
0,45,4AtMk3bpZNUtipRNy50MBO,Brightside
0,46,4AtMk3bpZNUtipRNy50MBO,Brightside
0,47,4AtMk3bpZNUtipRNy50MBO,Brightside
0,48,7Ee4NvfKVO1nol38l1lLBm,Killing Giants
0,49,7Ee4NvfKVO1nol38l1lLBm,Killing Giants
0,50,7Ee4NvfKVO1nol38l1lLBm,Killing Giants
0,51,7Ee4NvfKVO1nol38l1lLBm,Killing Giants
0,52,780G2Qb1CEMtFR605KU6Gh,Framtiden är vår (feat. NORSJÖ)
0,53,780G2Qb1CEMtFR605KU6Gh,Framtiden är vår (feat. NORSJÖ)
0,54,780G2Qb1CEMtFR605KU6Gh,Framtiden är vår (feat. NORSJÖ)
0,55,780G2Qb1CEMtFR605KU6Gh,Framtiden är vår (feat. NORSJÖ)
0,56,7uNu0IWPFHHmi8KI3akdEg,Departure
0,57,7uNu0IWPFHHmi8KI3akdEg,Departure
0,58,7uNu0IWPFHHmi8KI3akdEg,Departure
0,59,7uNu0IWPFHHmi8KI3akdEg,Departure
0,60,0gyAtsUMGDlf4FGKLSXnCW,Find My Own Way
0,61,0gyAtsUMGDlf4FGKLSXnCW,Find My Own Way
0,62,0gyAtsUMGDlf4FGKLSXnCW,Find My Own Way
0,63,0gyAtsUMGDlf4FGKLSXnCW,Find My Own Way
0,64,6nnacTL5on2aVsRhVDNUSo,Through the Fire and Flames
0,65,6nnacTL5on2aVsRhVDNUSo,Through the Fire and Flames
0,66,6nnacTL5on2aVsRhVDNUSo,Through the Fire and Flames
0,67,6nnacTL5on2aVsRhVDNUSo,Through the Fire and Flames
0,68,6TfBA04WJ3X1d1wXhaCFVT,"You're Gonna Go Far, Kid"
0,69,6TfBA04WJ3X1d1wXhaCFVT,"You're Gonna Go Far, Kid"
0,70,6TfBA04WJ3X1d1wXhaCFVT,"You're Gonna Go Far, Kid"
0,71,6TfBA04WJ3X1d1wXhaCFVT,"You're Gonna Go Far, Kid"
0,72,06Zz2l7cVTCTgCNDe1bnEF,Have A Nice Day
0,73,06Zz2l7cVTCTgCNDe1bnEF,Have A Nice Day
0,74,06Zz2l7cVTCTgCNDe1bnEF,Have A Nice Day
0,75,06Zz2l7cVTCTgCNDe1bnEF,Have A Nice Day
0,76,1uPqnaQ4r1Fwe4KijfYGKD,It's My Life - Old Classic Version
0,77,1uPqnaQ4r1Fwe4KijfYGKD,It's My Life - Old Classic Version
0,78,1uPqnaQ4r1Fwe4KijfYGKD,It's My Life - Old Classic Version
0,79,1uPqnaQ4r1Fwe4KijfYGKD,It's My Life - Old Classic Version
0,80,6TGapnqEUkkSBanKyn5qYy,OutRight
0,81,6TGapnqEUkkSBanKyn5qYy,OutRight
0,82,6TGapnqEUkkSBanKyn5qYy,OutRight
0,83,6TGapnqEUkkSBanKyn5qYy,OutRight
0,84,5Y1JDF28qQDml25pVadnzb,Frame of Mind
0,85,5Y1JDF28qQDml25pVadnzb,Frame of Mind
0,86,5Y1JDF28qQDml25pVadnzb,Frame of Mind
0,87,5Y1JDF28qQDml25pVadnzb,Frame of Mind
0,88,3WjsaQylfVq87F6hLfayiQ,Let You Down
0,89,3WjsaQylfVq87F6hLfayiQ,Let You Down
0,90,3WjsaQylfVq87F6hLfayiQ,Let You Down
0,91,3WjsaQylfVq87F6hLfayiQ,Let You Down
0,92,41Zl6ylPqRfIMTrvPAMa76,LSD
0,93,41Zl6ylPqRfIMTrvPAMa76,LSD
0,94,41Zl6ylPqRfIMTrvPAMa76,LSD
0,95,41Zl6ylPqRfIMTrvPAMa76,LSD
0,96,1VYHeY9ulPnsMHKvXPyG5H,Sweet Mistake
0,97,1VYHeY9ulPnsMHKvXPyG5H,Sweet Mistake
0,98,1VYHeY9ulPnsMHKvXPyG5H,Sweet Mistake
0,99,1VYHeY9ulPnsMHKvXPyG5H,Sweet Mistake
0,0,5jyrvaNgMdejnBjrXiWo35,Welcome To YouTube
0,1,5jyrvaNgMdejnBjrXiWo35,Welcome To YouTube
0,2,5jyrvaNgMdejnBjrXiWo35,Welcome To YouTube
0,3,5jyrvaNgMdejnBjrXiWo35,Welcome To YouTube
0,4,5qVNshoO7VpXkMsw2hgZvU,Bo Fo Sho (live)
0,5,5qVNshoO7VpXkMsw2hgZvU,Bo Fo Sho (live)
0,6,5qVNshoO7VpXkMsw2hgZvU,Bo Fo Sho (live)
0,7,5qVNshoO7VpXkMsw2hgZvU,Bo Fo Sho (live)
0,8,62KNuENCGEhgf520I0Tjl6,Bonus Track
0,9,62KNuENCGEhgf520I0Tjl6,Bonus Track
0,10,62KNuENCGEhgf520I0Tjl6,Bonus Track
0,11,62KNuENCGEhgf520I0Tjl6,Bonus Track
0,12,0bkOJcmZ3dO4gDJ5D8cwvv,My Whole Family... (live)
0,13,0bkOJcmZ3dO4gDJ5D8cwvv,My Whole Family... (live)
0,14,0bkOJcmZ3dO4gDJ5D8cwvv,My Whole Family... (live)
0,15,0bkOJcmZ3dO4gDJ5D8cwvv,My Whole Family... (live)
0,16,54zS39oDi8p9adV0gyIzdD,OH BO (studio)
0,17,54zS39oDi8p9adV0gyIzdD,OH BO (studio)
0,18,54zS39oDi8p9adV0gyIzdD,OH BO (studio)
0,19,54zS39oDi8p9adV0gyIzdD,OH BO (studio)
0,20,4sG3QE7shDNk1DKJwEAiz5,I'm Bo Yo
0,21,4sG3QE7shDNk1DKJwEAiz5,I'm Bo Yo
0,22,4sG3QE7shDNk1DKJwEAiz5,I'm Bo Yo
0,23,4sG3QE7shDNk1DKJwEAiz5,I'm Bo Yo
0,24,0QMiI7yf8rHfwdfvJIgvrE,Nerds - Studio
0,0,2tPy8C6z3eUWGC1iQr4ysZ,Adhd
0,1,2gTdDMpNxIRFSiu7HutMCg,I Think I'm OKAY (with YUNGBLUD & Travis Barker)
0,2,01VbCa15MmvNg3KMOfoHa2,Loser
0,3,7bEDDsy2LFC0KSqhZp5nPE,Sweet Disaster
0,4,0tyR7Bu9P086aWBFZ4QJoo,Monsters (feat. blackbear)
0,5,6TfBA04WJ3X1d1wXhaCFVT,"You're Gonna Go Far, Kid"
0,6,1N7Aep1OewK9diaN9WbuuR,Stupid for You
0,7,2FhzneTjsV0HR4lXNJTTyI,hurt less
0,8,3vlJKLtoumQmNBnj2ZlJe4,Open Arms
0,9,5PNzt1Rvt7PUVaGhbq0OVt,Any Other Way
0,10,5jsDxDkJ1PqyYUWhDMr86B,Song #3
0,11,6wNCdMW82LwJgFrnGqLhpJ,The Ghosts of Beverly Drive
0,12,0HjPEb23QO6cGqYfdQVd3K,La La Lainey
0,13,7uCBGNn991AM68fR4tSDco,Born For This
0,14,0Z1pAncHr1Y9hf3Cu3G0iR,Rockstar
0,15,1GIofMbTz83fXqNrEuf4bA,hot girl bummer
0,16,50oS45iNMFp7pKIQRAWIUP,Kids In The Dark
0,17,0ne8iNLplH15M6EtgzPkf0,Alone Sometimes
0,18,7CkeYEfGBL8SYAq63Z72oh,I Wanna Be Your High
0,19,1WMBlpjhd3AUQiNfJOzfIl,Songs I Can't Listen To
0,20,3CrsuTJomWZmeXIvKhV45l,Stronger
0,21,2Rmw7J0krEU75ffhkaK93D,I Miss Having Sex But At Least I Don't Wanna Die Anymore
0,22,3zjjzKg16tczCMwckGKGuH,Happy Pills
0,23,13b32GfUIo3BV93C8KtEdj,We Don't Have To Dance
0,24,5RmGKBLOYl9hbNE7BuDmur,California
0,25,0x2TYePnFyfZ9ajY2WMkby,Killer In The Mirror
0,26,2tnk7NUXUCcX326HqfokB6,Bipolar Baby!
0,27,4pi7qRGw2DDKAJMGHGcZ2O,"deathwish (feat. nothing,nowhere.)"
0,28,75nfWESNoYX9X7c82l9Rtk,Scumbag (feat. blink-182)
0,29,6pO9pxKxrIHuTRqK7VLP8B,fake friend
0,30,3WG3wFBe9NgkWB1mNGE6fJ,Untraveled Road
0,31,7qCzenL7S1onPt6QdRsDsd,Into The Dark (feat. Kellin Quinn)
0,32,3zRrr0SS4saZOfihrSvlqy,Big Cat Judgement Day
0,33,5Xr1q4GLTnNZu6c4K9rsNh,Candy Coated Lie$
0,34,0UhWFmdlrBSmZ7A6bFD8L9,C'est la vie
0,35,0UD6mo4q4YiH5GnSfvNNP5,Back In School
0,36,0criiQKIY1hyU0lRbVhZ8L,Monster
0,37,7D5STxidHF2Lt5lRL5iCZW,Everyone's a Secret
0,38,0bP8VDZQ3eXgHofaXT88Cr,Moving Boxes
0,39,4ELpTiWFYUgFBzrjqt5Q8e,nightmare
0,40,5v4OkFH0TJ6W1hCFxyn0px,parents
0,41,2DgdHcjWmO3qd50RzuBLgZ,House of Memories
0,42,3SWqGa1J0M7hSBUDM0KePD,Legend
0,43,1VSuFS7PahCN3SWbOcQ98m,forget me too (feat. Halsey)
0,44,4nvGIQPgLnWWJUJrnRsIOX,gfy (with Machine Gun Kelly)
0,45,1nonPxrZoz42XGsKtLo3mg,1 Last Cigarette
0,46,2Qjkvp4GLlL60lFXtEte0X,Once In A Lifetime
0,47,7vXtuHrqgzQi58ihUO7L2d,Karma
0,48,1IflC51n9KG5JJh5sHVU1D,"Don't Freak Out (feat. iann dior, Tyson Ritter & Travis Barker)"
0,49,2fh3bZ8jZhMxOcfESE9nQY,Don't Threaten Me with a Good Time
0,50,2k4X3RZJm1vi2hdGrJ7UXA,Art Hoe
0,51,472mFdP6wkHO6xzKn5F4et,Troublemaker
0,52,3kB1DY1ou9dg5DfPcNuJbT,more than life (feat. glaive)
0,53,3znPiywA0q1VK2jgAZFDoI,Irresistible
0,54,1VyiUi0mRnSKgtHa5dBoUd,Spirits
0,55,5bgRVYqK2Bbenrg2gqtGWN,Higher
0,56,6yxywHX0rto296j9LsM3Pt,Jessica
0,57,3XdTm1GS0JrdR3qnf3503e,Bones
0,58,5cRPdqpWkaNmIbPi6wJDg2,Born For Greatness
0,59,64WtHwNC5X0VzGfzA0IES3,Dial Tones
0,60,52cdGN75Ox75dE6CUchFOn,Ribcage
0,61,42MlduweFUi2d3O4EyVdz7,Monsters
0,62,3YQ96qkxiEwTLwgu2Izcmq,Kamikaze
0,63,4wzjNqjKAKDU82e8uMhzmr,Face Down
0,64,3px2rAPu74ltbkf9eZsZ8h,Emperor's New Clothes
0,65,1rm34PzaavebSDelHPDmYy,pity party (feat. Royal & the Serpent)
0,66,6z7mOTf4O20AApGsTNn7fC,Flames (feat. Avril Lavigne)
0,67,4jXbcY2ulVT7MOPdN8nR50,Lonely
0,68,4GJvolzpuvX8Fp38V1UQCT,Bad Things
0,69,4qRaZYiaOsSvWC7VgcxrI0,HandClap
0,70,2q9og3lbX4cdRaZMKVmlSY,Wake Up
0,71,2E43WFS4rRc09za2r2GmZl,My Songs Know What You Did In The Dark (Light Em Up)
0,72,5mkjZ6EciJaZrRXUL5eDfH,Down (feat. Travis Barker)
0,73,3IyCL4Em1GOpNGDf451Hg1,Could Have Been Me
0,74,4HqIhZr8FuXcRl9P0wQfge,Main Attraction
0,75,6JBX1drGsMrTE8JrAYYoou,Somebody That I Used To Know
0,76,30h8YS2iYXSTPjqT4txPEh,Dying In A Hot Tub
0,77,5jPWuLGRcVDU50pyTCEjQL,Human (feat. Barns Courtney)
0,78,4WtbSC67H1NMEO8DKW5PBv,Running Away from Home
0,79,3QnWrHBfLKYZ2NYQMgmt52,Chillthefuckout.
0,80,0Q9vbV7G2Q6lts13nY9YGP,HOLD ME TIGHT OR DON’T
0,81,0XjNHr2LkubWB9l7URFNB7,Heaven Don't Have a Name
0,82,11RX9JI2RFo70n5XH8U3Mk,Lavender Bones
0,83,058pBOh77XQJNg3YWGr4jN,WANNA BE (feat. Machine Gun Kelly)
0,84,5GorCbAP4aL0EJ16frG2hd,Boulevard of Broken Dreams
0,85,0wSOIVHG2N3dOxz7Han7R6,Westwood Road
0,86,0wKCqsj4BtBeCWdghRCXIf,White Wine Red Lies
0,87,3JjmSjijPsu3AWei1adplt,Strange Town
0,88,0FNLnZRNWEIbGsb8jkU2lv,Champion
0,89,3tBZ60j1jQ7NJm8IjelyQe,emo girl (feat. WILLOW)
0,90,065bY5WrLvI3NN9VCK0QLe,Jerk
0,91,19YmvsVCetCBeVj6O2mljR,Still Breathing
0,92,3LcMLFApeU9uCT8VCWEVjr,Memories (with WILLOW)
0,93,6FT9FZccFD6nE8dMNslz2n,Walk On Water
0,94,0vI2m662QiemSccfCoN9gR,Mr. Doctor Man
0,95,4bPQs0PHn4xbipzdPfn6du,I Write Sins Not Tragedies
0,96,6m0Dk7Cm7rWQLzCjeYIiIt,Love It When You Hate Me (feat. blackbear)
0,97,37mfTcSlX60JtAvAETytGs,Choke
0,98,6qXBZGMoNHTVIebQDECoY9,Sticky
0,99,31bJ51bI1rbI9xfhBcoCST,Boys Club
0,0,7LpIouxOxJzia26GZvmgkC,Astara
0,1,3u1fMBtP6BzTRDFIqpDz6V,Radio Killer
0,2,00FVbuhOyp0ujLVvkkXQ8w,Wanderer
0,3,7ogKLtV6jod8ujXup6HBku,Back To You
0,4,1rYKfbnprpF7di6yoavM72,Paradise
0,5,5ekmsmgAjZvx2V3OpaNEci,Blink 182
0,6,557lh76vcLy4EQWvZluA32,They're Just Ghosts
0,7,7hXFx8ue6LnP6sB8Zf7ik9,Sleep Forever
0,8,79ThzrC7DOBzWuxV1MwSUV,Mad Hatter
0,9,731SSWCEANBXRq1KqDuQGE,So Poetic
0,10,4TMzSXEMtNYOPh21itBKsp,Pilgrims
0,11,3eyuK0e2GLBGftcemq3bsx,Glow
0,12,4rvfuttxt34i3rPbHYkSw1,Voices
0,13,5FOnJCnZO66d2pVxfXxBTd,Ride with U
0,14,3GiBAfxZtmbT2DDRRdMQ6T,Heart In The Headlights
0,15,5QlOIcPMMw5Mlj8BqAvlzG,Legacy
0,16,0EBas1pxvOumkAlSy09QFU,Older
0,17,2exjecLdCcslCFWFjM4EUg,Better Off Dead
0,18,4LnMxUD2RsEOZ0ZOsnty0o,Not Alone
0,19,4yLoZbvsw3UXMgOgylYgQn,Sinner
0,20,6mnFjXQqRk1pNFwVoczY1v,Monsters - Prblm Chld Remix
0,21,2rUtVGUJiyJ94uF4GkWz2Q,Boy Like Me
0,22,0HjPEb23QO6cGqYfdQVd3K,La La Lainey
0,23,4jNVoCNA8ILbmKR9e1OAEY,Fight It
0,24,5PNzt1Rvt7PUVaGhbq0OVt,Any Other Way
0,25,6x0ePXLcrHtI5p7f6yJPBd,Call You Mine
0,26,7zweZVDWIMvQIC6bDsEtcL,'99 Benz
0,27,0PC0SLBklzJagmMTcNQHZu,Oh Listener Mine
0,28,6MZKIg2WfR1qnuAqKBVeqo,Wolverine
0,29,0gftGPkqMFcndkmULocY35,'90s Kids
0,0,18czZN7uruOjftj71Kt8oj,PAID MY DUES
0,1,0OyQns5ayNK2OVaES0Vb8t,Righteous
0,2,285pBltuF7vW8TeWk8hdRR,Lucid Dreams
0,3,6Gg1gjgKi2AK4e0qzsR7sd,Bandit (with YoungBoy Never Broke Again)
0,4,6cjSh516BbrNUs213jDAGm,Graduation (with Juice WRLD)
0,5,0nbXyq5TXYPCO7pr3N8S4I,The Box
0,6,7FIWs0pqAYbP91WWM0vlTQ,Godzilla (feat. Juice WRLD)
0,7,7ytR5pFWmSjzHJIeQkgog4,ROCKSTAR (feat. Roddy Ricch)
0,8,6Hj9jySrnFppAI0sEMCZpJ,Robbery
0,9,1lOe9qE0vR9zwWQAOk6CoO,Ransom
0,10,4lBEQzrXXEBugkN8bfmPPJ,Seven Deadly Sins
0,11,6wJYhPfqk3KGhHRG76WzOh,Blueberry Faygo
0,12,6o3QUC5oAE4g6WxRIFcZtb,Wishing Well
0,13,3KkXRkHbMCARz0aVfEt68P,Sunflower - Spider-Man: Into the Spider-Verse
0,14,3ntcm3V9ByPKN6cstxXh80,No I in Team
0,15,3gYK7eEFbp6KzmqYRMyQRm,Death Of A Hero
0,16,7y7w4tl4MaRC2UMEj1mPtr,Come & Go (with Marshmello)
0,17,4TnjEaWOeW0eKTKIEvJyCa,Falling
0,18,696DnlkuDOXcMAnKlTgXXK,ROXANNE
0,19,2W0AJEbIC2vdZTV2nVSAsg,Outrunning Karma
0,20,4VXIryQMWpIdGgYR4TrjT1,All Girls Are The Same
0,21,21jGcNKet2qwijlDFuPiPb,Circles
0,22,7eJMfftS33KTjuF7lTsMCx,death bed (coffee for your head)
0,23,2qxmye6gAegTMjLKEBoR3d,Let Me Down Slowly
0,24,2XSO13Gyndo7MDdtYibIxO,Screw Juice
0,25,0t3ZvGKlmYmVsDzBJAXK8C,Goodbyes (feat. Young Thug)
0,26,7aiClxsDWFRQ0Kzk5KI5ku,hot girl bummer
0,27,5Ys68FZdQFcFw7IgkANVoM,1994
0,28,4h5N4KyWZMtpeH9vhXSXjd,Life's A Mess (feat. Halsey)
0,29,3fE8njy5zdZZCucQbDkxkW,Oxygin
0,30,1luvouZc22VOabaHQNMipg,Howling
0,31,42MwPTHQWWe4WUNwvdUh6Q,Demons
0,32,2fZTS0VboxRpF0FdfY7E5P,Conversations
0,33,0VjIjW4GlUZAMYd2vXMi3b,Blinding Lights
0,34,4yzAMkr9tEu2Nal17PL5rV,ROB THE FRONTIER
0,35,4IhKLu7Vk3j2TLmnFPl6To,Water Fountain
0,36,3oDkdAySo1VQQG0ptV7uwa,Lean Wit Me
0,37,3eekarcy7kvN4yt5ZFzltW,HIGHEST IN THE ROOM
0,38,6uFn47ACjqYkc0jADwEdj1,Pop Out (feat. Lil Tjay)
0,39,7pT6WSg4PCt4mr5ZFyUfsF,If We Have Each Other
0,40,6rz0dTA0PdhXImFV5EjM0w,Hide (feat. Seezyn)
0,41,1wJRveJZLSb1rjhnUHQiv6,Swervin (feat. 6ix9ine)
0,42,1Cv1YLb4q0RzL6pybtaMLo,Sunday Best
0,43,0DYRjWiFJHvLjxRrywtltC,Annabelle's Homework
0,44,2WsuSYJNXGKXVYkHPnq2yp,Ransom (with Juice WRLD) - Remix
0,45,3kW4z2pIj5VY5fLjBrMRL5,P2
0,46,3L19besdNQzd342qL78xqm,Demons and Angels (feat. Juice WRLD)
0,47,211LaT5hzPOKolVtgzwWnq,Steve
0,48,0ada5XsQGLPUVbmTCkAP49,Hate The Other Side (with Marshmello & The Kid Laroi)
0,49,4SDgTLDYrJ2UrHbkRkg7MD,Panini - DaBaby Remix
0,50,1jaTQ3nqY3oAAYyCTbIvnM,WHATS POPPIN
0,51,6H98N10OCmld8m5XyyulO3,Stan - Recorded at Spotify Studios NYC
0,52,13ZyrkCDmRz5xY3seuAWYk,Hear Me Calling
0,53,37AGgp9VP8TVJBfEat74Bj,Candy (feat. Trippie Redd)
0,54,5DHQKZCOZhGNTbYBCekWx0,Paralyzed
0,55,0WHi11uzahqpEtPGYCW6oQ,If I Killed Someone For You
0,56,6RsRMf9e4KUyo3MecGffNL,I Want It
0,57,2gTdDMpNxIRFSiu7HutMCg,I Think I'm OKAY (with YUNGBLUD & Travis Barker)
0,58,3PYx9Wte3jwb48V0wArMOy,Keanu Reeves
0,59,5i2JGF65pHKSfMEjSMrBC3,Jesus In LA
0,60,5lcIegmdblnWqT9nS9EhZj,Up Up And Away
0,61,2ajzBr7vwHTEBeqDzcsNRC,That Way - Bonus Track
0,62,0YP8kt3sAYTj6eEyesreQH,Glass House (feat. Naomi Wild)
0,63,60cYr5uuMoxvyuIx45rGEW,Boy In The Bubble
0,64,6MjNilJCVKJq0LfFvo5jWJ,Fast
0,65,7yNgSAuwbDJcdRNrBDtKPq,WHY
0,66,5R2rsbwCDXORX2tLfprRmM,Yacht Club (feat. Juice WRLD)
0,67,4GGSmoTmc5LClrowB4SmEw,Mind Is A Prison
0,68,41MCdlvXOl62B7Kv86Bb1v,Empty
0,69,1jJci4qxiYcOHhQR247rEU,Kids
0,70,70YPzqSEwJvAIQ6nMs1cjY,In Your Arms (with X Ambassadors)
0,71,1roCmBlcpV7LzsmB7pmCyt,Let Me Down Slowly (feat. Alessia Cara)
0,72,5wujBwqG7INdStqGd4tRMX,Armed And Dangerous
0,73,07KXEDMj78x68D884wgVEm,High Fashion (feat. Mustard)
0,74,0Xek5rqai2jcOWCYWJfVCF,Enemies (feat. DaBaby)
0,75,1rMSja8j1k8VRXXztemdLb,Swim
0,76,09NtNfFG4vpHsAUbdUug0M,Smile (with The Weeknd)
0,77,6S1IgeHxxOT9qVWnmsdGxe,Treehouse (feat. Shotty Horroh)
0,78,2XU0oxnq2qxCpomAAuJY8K,Dance Monkey
0,79,22AJMMJMaQ3qtTwlegrKcm,Six Feet Apart
0,80,7d94IqWX2UmSKMGUYSGFJG,Bad Energy
0,81,733c1CWmIGymoQXdp7Us88,"Numbers (feat. Roddy Ricch, Gunna and London On Da Track)"
0,82,4sjiIpEv617LDXaidKioOI,223's (feat. 9lokknine)
0,83,0IrtQ83z9jylZaLEJK2eoy,Gotta Be A Reason
0,84,1YM6c2sxbf2Jacl9IFgn4I,Titanic
0,85,3g0mEQx3NTanacLseoP0Gw,Takeaway
0,86,6GSkLS2y4ZnnZsuRAj975K,Project Dreams
0,87,2U12JbtnFSYa5Av5wEcEDX,Oh My God
0,88,21CkzgKCBCq5V4XKjiGSIj,Stay High
0,89,2QcnqlK5qj6ZXArpSHqHQp,Seven Deadly Sins
0,90,3Z8FwOEN59mRMxDCtb8N0A,Be Kind (with Halsey)
0,91,1PsMieVYFXrSeXMxuE2SbG,Must Have Been The Wind
0,92,0fCwrjKfWxF3xQhZrYUw4T,Blood On My Jeans
0,93,2oejEp50ZzPuQTQ6v54Evp,Call You Mine
0,94,7fPuWrlpwDcHm5aHCH5D9t,Roses - Imanbek Remix
0,95,40KuvsFD0zpUFuCcmt5Xm0,Ex Bitch
0,96,1KVczjazCcCCgM3gXXUl47,Roses (with Juice WRLD feat. Brendon Urie)
0,97,15277wUzsEKo3bxCIxFLgk,Hero of Our Time
0,98,5lehoWkVPujeOAwb8BO0uK,Only
0,99,0b11D9D0hMOYCIMN3OKreM,Into Your Arms (feat. Ava Max)
0,0,22AJMMJMaQ3qtTwlegrKcm,Six Feet Apart
0,1,70YPzqSEwJvAIQ6nMs1cjY,In Your Arms (with X Ambassadors)
0,2,1Cv1YLb4q0RzL6pybtaMLo,Sunday Best
0,3,5DHQKZCOZhGNTbYBCekWx0,Paralyzed
0,4,0b11D9D0hMOYCIMN3OKreM,Into Your Arms (feat. Ava Max)
0,5,3fE8njy5zdZZCucQbDkxkW,Oxygin
0,6,7y7w4tl4MaRC2UMEj1mPtr,Come & Go (with Marshmello)
0,7,0q21FNwES2bbtcduB6kjEU,Dancing in the Moonlight
0,8,6ztstiyZL6FXzh4aG46ZPD,Boogie Wonderland
0,9,7qK3JFriCqLorQivsJYG2X,Stayin Alive
0,10,4o6BgsqLIBViaGVbx5rbRk,You Make My Dreams (Come True)
0,11,5iFwAOB2TFkPJk8sMlxP8g,Make You Mine
0,12,2rXVtoLBHuXcNB5DVfIc9p,Happiness
0,13,46A71ZDLPRIFCppAdV2W6j,His Theme
0,14,2o1K1hHiYDC2jVQRyDxMJa,"Thanks, Eliza"
0,0,1XT95SWe6U0nZmchAfZh2T,Pay No Mind (feat. Passion Pit)
0,1,5fxrnG0VTla4dlTmjLkoPN,I'm Perfect
0,2,2lwwrWVKdf3LR9lbbhnr6R,Float On
0,0,0fIWsHOXrKipJKNFfefn19,Nobody Told Me
0,0,18unwp2OCuZ65sKWd73PDy,Man on the Moon
0,0,4Dhvd4V7PBQYBrIeUuSZQK,Broken Eyes
0,0,4poqovyJtmlKMDnSz6QwsE,The Kid I Used to Know
0,0,3760Ge809Qt37dtRMHsG1f,Expectations
0,0,6lvaLDCPjbxhC8EmNVHfIO,Dig
0,0,4AtMk3bpZNUtipRNy50MBO,Brightside
0,0,7Ee4NvfKVO1nol38l1lLBm,Killing Giants
0,0,780G2Qb1CEMtFR605KU6Gh,Framtiden är vår (feat. NORSJÖ)
0,0,7uNu0IWPFHHmi8KI3akdEg,Departure
0,0,0gyAtsUMGDlf4FGKLSXnCW,Find My Own Way
0,0,6nnacTL5on2aVsRhVDNUSo,Through the Fire and Flames
0,0,6TfBA04WJ3X1d1wXhaCFVT,"You're Gonna Go Far, Kid"
0,0,06Zz2l7cVTCTgCNDe1bnEF,Have A Nice Day
0,0,1uPqnaQ4r1Fwe4KijfYGKD,It's My Life - Old Classic Version
0,0,6TGapnqEUkkSBanKyn5qYy,OutRight
0,0,5Y1JDF28qQDml25pVadnzb,Frame of Mind
0,0,3WjsaQylfVq87F6hLfayiQ,Let You Down
0,0,41Zl6ylPqRfIMTrvPAMa76,LSD
0,0,1VYHeY9ulPnsMHKvXPyG5H,Sweet Mistake
0,1,75ZvA4QfFiZvzhj2xkaWAh,I Fall Apart
0,1,54yT3t8hSaJUvdHer3ZaB1,Alexis
0,1,7iHHxY2NLlJRAmlAmC4ahQ,Stuck In A Dream (feat. Gunna)
0,1,6QNFQJKlZUKr0xlGZ74CZJ,Rich And Blind
0,1,18T1Jfi5fnlPZCGkyK8VVq,Hugo
0,1,5HoiZ12WqCuXCFYYKldR0B,What It Do
0,1,4QinVyD0wdHBxyszMR9Ryn,Somebody's Idiot
0,1,6yGjat0n8NitWLgvVXpJ8U,Sunrise
0,1,63psBh1jACfpWZtpZQZbVM,Castaway
0,1,54fiTamOOfnsB9wmxhaENl,Feels Right - Radio Edit
0,1,2ZLL9Blx7Tq4tBrhE9YvXE,The Underdog
0,1,6wNCdMW82LwJgFrnGqLhpJ,The Ghosts of Beverly Drive
0,1,57i3M29DWoo7RDk0Tf0LZG,Daylight
0,1,2lwwrWVKdf3LR9lbbhnr6R,Float On
0,1,4Sfa7hdVkqlM8UW5LsSY3F,Take a Walk
0,1,3VT8hOC5vuDXBsHrR53WFh,Astronaut In The Ocean
0,1,3feJr3NFjEi5l6FeQz2iC7,Pistol
0,1,1hPHr3Qc4AMBow09aw12AM,Look How Far We've Come
0,1,7HFGvz6pWt8RW3sA6Orl3k,Bandaids
0,1,3bynunZFKWiCJwNNasgBzl,Rockstar
0,2,6QnrGUeY5UKNo1daLSfSKB,High on You
0,2,3zRgdfwiFzHeDq4VYOpYpk,I'm Something Else
0,2,1luvouZc22VOabaHQNMipg,Howling
0,2,2dpaYNEQHiRxtZbfNsse99,Happier
0,2,2nLLW8W2NhB89fzywmtomb,Promised Land (Stripped Acoustic)
0,2,3EPXxR3ImUwfayaurPi3cm,Be Alright
0,2,4PANCoXZX3RaT2D6mqSdEU,changes
0,2,6v1sy4kEyzRkrE9KLiD9Dz,Im Good (feat. Roze & Drumma Battalion)
0,2,53fMilutqxWd5QOhHweInL,Disappointed
0,2,4kad7RSRCt8ttCkIjEmErs,Royalty
0,2,6ae29ZzSPYq61ARnOn3CGh,California
0,2,11DpzO37X3lrvDLS5dYta1,Best Friend - Acoustic
0,2,4tTzdneIuunKksESB71cws,Play Me Like a Violin
0,2,1KCAEG6JcsTzi8ddZzs0nk,You Want a Battle? (Here's a War)
0,2,1KtU0WCq472KzqCXgMOxkS,That's What I Like - Alan Walker Remix
0,2,5PB7yyYeLYkfPqmC0hwlXl,The Loudest Silence
0,2,0SuLAslEMFZAXf0SwY7syi,All Time Low
0,2,6WnPykFrvCdf0tEhzrkOHJ,Hasselhoff 2017
0,2,2gQPRX0oxuuth1W6J3VAM5,Personal
0,2,7ewraUQ1M5KwLZoFnPyXZG,Gas Gas Gas (Initial D)
0,3,2DGa7iaidT5s0qnINlwMjJ,The Spectre
0,3,0Zbbxnx4SGGHoIow4PpISP,Stargazing
0,3,3WtCu35qpzGCLIGa8pczdu,Colors - Audien Remix
0,3,1TnUURhehaoMWKAqQtirm6,Colors
0,3,4iZPNYqzI2L0uwuUKun7Aa,Stole the Show
0,3,05KizhJc5qATFI2D7SauJ5,Bounce
0,3,1KDX8TC34n6CNryBEEMclR,Show You
0,3,1V3BpCUSyBt9PDZ309652A,Want U 2
0,3,1aS1uzcAC14lduwuNJZjqE,Know Me
0,3,2D6VbgcGFSBhhZJHbVAN1Q,Take It Back
0,3,4wXum3jZgEGLxScTygQ5US,Blocks
0,3,68pL3hokJXKJ1vJSaEhKr7,Home
0,3,6aWiGv6hPG0o3ri7QHNs8t,Find Me
0,3,3t3oNm7M0HXf7ILqA7vCTP,Sound of Walking Away
0,3,1OmcAT5Y8eg5bUPv9qJT4R,rockstar
0,3,4ZkVOb0mNnm3MFY2LeyqHY,Poison
0,3,6QJnaTEqZYHoA1RWv9NHKS,Xenogenesis
0,3,0gb1J5UrTpzaU1s3nupgCd,No Money
0,3,0aersVHlGGXcHeRvHtuaSt,Dancing On Glass
0,3,5ZrMsYKEvnbHtJMgHF1AVA,start//end
0,4,6d8MHAb3LSuAz42yyDM4q1,1 Thot 2 Thot Red Thot Blue Thot
0,4,7mLyWGOqr7OHxg17Zkg5rc,Reforget (Milk N Cooks Remix)
0,4,1JY6B9ILvmRla2IKKRZvnH,Sad Machine
0,4,2bKhIGdMdcqCqQ2ZhSv5nE,Middle
0,4,6Ehy8wRUYjAZcMMRCxMZVM,Moving On
0,4,2mTvrbkjut8EeWhC9oru6d,Leaving
0,4,104buTcnP2AsxqB7U1FIZ4,Heavy (feat. Kiiara)
0,4,5fxrnG0VTla4dlTmjLkoPN,I'm Perfect
0,4,5ss3IdcaUnOqAzSU1JYoTy,Wallpaper
0,4,7BFewkXBkGzPJ05yl8CSci,Hurricane (feat. Lily Elise)
0,4,2Kl1E3NdbzT7vVi93TffoX,Pompeii - Audien Remix
0,4,1Hk0QRlUFCHYG6zIvUh0Xd,Summer
0,4,7zsXy7vlHdItvUSH8EwQss,Cold Water
0,4,74Ru27B7Jx8mBt5MGvGLLv,Light
0,4,7uSZPbd8DxdkmSauCKnITY,We Rise
0,4,6NV8SeJUDh1oO6l4WWsb99,Wallflowers
0,4,7vGuf3Y35N4wmASOKLUVVU,Silence
0,4,0lYBSQXN6rCTvUZvg9S0lU,Let Me Love You
0,4,1uC8D2peyTZAL8NjfnBj1D,With Or Without You
0,4,3vqyauyYbp9MqUwrCEmWJ0,Despacito
0,5,1taz71WL8grTxW6JLiL1i8,Thunderstruck
0,5,0XejjAXX6NAy6tcAyxyDpY,Schindler's List Main Theme
0,5,1y2VTYeE7Glc4UQF9kvuzj,Moon River
0,5,3AZ69M4QXCgM6sq6B8nLzK,Cinema Paradiso
0,5,3DtXg352jYP9fUhIqrnFDP,"For the Love of a Princess (From ""Braveheart"")"
0,5,3es5hmocvsBrFk3HhhqUKH,Love Theme from The Godfather
0,5,3sx0cmtWY1KceThLKchIyU,Love Story
0,5,4iFjfJGjqh6ixgy6vFCjAk,Malena
0,5,4jeh9ZloYVCqvQw17Dg1Mh,Game of Thrones Medley
0,5,5lnzLJt883Pz3cqJvt4NC6,Titles from Chariots of Fire
0,5,6AwixzgVSnozHGnaDXfT22,"My Heart Will Go On (from ""Titanic"")"
0,5,6KOBMsYaTl9ehUTF3NcX3c,May it Be
0,5,6OLgebma3uuh5KDG5ZXjF5,Now We are Free
0,5,6Qf5K6OEDjXNty8p91yxvQ,Cavatina
0,5,7FTnomIqJmXIbYeyddk52o,Rain Man Theme
0,5,57wyLm1TrXFisZAtzRzalS,Fumes
0,5,6NiXAdF2005XfIrbJ2JCN9,XO
0,5,4z1OTvKWtgxqNxzAzFda79,Running in the 90s
0,5,2mCF8L0brIs88eH6Kf2h9p,Fast Car
0,5,1IUaBG4g969TxLbdEdLHaE,All We Do
0,6,7og4nJ1NCle7JUsT1FfsTt,tell me it's okay
0,6,1Dhn8urPQTReGSmpRCXASj,One Last Time
0,6,4dDZyGxClFiOBUjcpxhXWg,Hurt
0,6,0n3lXKNCF3Wvvcs7UY66Ae,Nocturne (Pierce Fulton Remix)
0,6,2zbq8QdgWACnYdKTu2xIE4,Billie Jean
0,6,0GxCUPDU0ePWJOeAQzNqao,Gravity
0,6,1bMsdNU9Lt1yvYBSIpnNDm,Catch Me If You Can (Bonus Track)
0,6,3JHiZ7POAgfmobe7ar1SUm,Nocturne
0,6,0Mf6WhWLfOpzOxacvbcboj,rock + roll
0,6,5cIZoKmBiFgjabaBG0D9fO,and
0,6,6REPF37KwcWMqyk6XCuB7p,Circles
0,6,7fJALFBexDXzu0QdatF5O4,Fumes
0,6,01t8SVEV5Ti2aYBWdSA2tz,A Love Ballad (live)
0,6,067moDu6srdfuU8K4ZEF9G,Rehab Center For Fictional Characters
0,6,0sStetLUGQhX72vFRVFqti,I'm Bo Yo (live)
0,6,1ZCdXHCFhvHOXagAOUtQE8,Klan Kookout (live)
0,6,1cpgAlpCsoJpRgeqb5SYCE,Love Is... (live)
0,6,228aVnOcZfLlW1RqWKoLH1,High School Party (live)
0,6,4hP4z3L25Yw5IfByWxuAh8,New Math (live)
0,6,5KrqDGB56mNCJc7hmxRyTz,The Perfect Woman (live)
0,0,5jyrvaNgMdejnBjrXiWo35,Welcome To YouTube
0,0,5qVNshoO7VpXkMsw2hgZvU,Bo Fo Sho (live)
0,0,62KNuENCGEhgf520I0Tjl6,Bonus Track
0,0,0bkOJcmZ3dO4gDJ5D8cwvv,My Whole Family... (live)
0,0,54zS39oDi8p9adV0gyIzdD,OH BO (studio)
0,0,4sG3QE7shDNk1DKJwEAiz5,I'm Bo Yo
0,0,0QMiI7yf8rHfwdfvJIgvrE,Nerds - Studio
0,0,07xM26pWCDsUWV2ialwgNf,Sad
0,0,6ghnKwHcGX1RLPWjJYKbGd,From God's Perspective
0,0,3b5Li4QKDVBx1x7fQuu54a,Tired
0,0,26ZX2JrAb8AFbr8FFfAsO7,sex
0,0,0ZAiqymvbQUZAh9y6ZT3Rm,XO
0,0,7j5DNclXXrNL4LPw59qcUK,End Credits
0,0,3OXpdrHLT4IqM76RajgM6Q,drugs
0,0,3gcT0qbO6Lha9cLpJlZELy,Wake Up
0,0,1brwdYwjltrJo7WHpIvbYt,Faded
0,0,0RuUeO4zOHzrywgjmXfy5N,Grenade (feat. Lindsey Stirling)
0,0,4I0vks4HhXQiD2d9lLll8x,Peponi (feat. the Piano Guys)
0,0,7gDKfEMIhyyO4asgEXwcrs,Fire Burning
0,0,2DPYlWl50ydYsnnuryL5aX,Cooler Than Me (feat. Big Sean)
0,1,12mGwph2YzDIlChtq3EdXP,Alone
0,1,0Q3SC6kEhxYagDP3bFe5K9,Keep It Mello (feat. Omar LinX)
0,1,0WjYgf4qH3B0v0HmW61doL,iSpy
0,1,11PrqP7puJCBjvMdcVwQPR,My House
0,1,11Ojp7JniVvwd0gmgvyKkd,Wrong Side of Heaven
0,1,3FS2e59gXFXrcg7sN2mL5z,Shots & Squats
